species,Vcmax25,Jmax25,TPU25,Rd25,alpha,theta,Vcmax_dHa,Vcmax_Topt,Vcmax_dHd,Jmax_dHa,Jmax_Topt,Jmax_dHd,TPU_dHa,TPU_Topt,TPU_dHd,Rd_dHa,Gamma25,Gamma_dHa,Kc25,Kc_dHa,Ko25,Ko_dHa,O
Romaine,143.51058959960938,272.7266845703125,17.085474014282227,0.43618544936180115,0.25419992208480835,0.7862278819084167,72.12415313720703,306.9657897949219,200.0,46.19755935668945,305.2486572265625,200.0,27.636173248291016,305.2694091796875,201.8000030517578,46.38999938964844,42.75,37.83000183105469,404.8999938964844,79.43000030517578,278.3999938964844,36.380001068115234,213.5
